rank,presenter,title,score
1,dhey73,09je3,3.4666666666666663
2,d2e3,asada,3.4
3,dsf,adfs,2.8666666666666667
